Workbook
Name KPI_Range: KPIs!$A$1:$D$60
Name TargetZones: Targets!$C$1:$C$60
Name TrendData: Trends!$A$1:$B$30

Sheet KPIs
A1: =Targets!A1 | B1: =Actuals!B1 | C1: =IF(B1>A1,"OK","MISS") | D1: =INDIRECT("Targets!C"&ROW())
A2: =Targets!A2 | B2: =Actuals!B2 | C2: =IF(B2>A2,"OK","MISS") | D2: =INDIRECT("Targets!C"&ROW())
A3: =Targets!A3 | B3: =Actuals!B3 | C3: =IF(B3>A3,"OK","MISS") | D3: =INDIRECT("Targets!C"&ROW())
A4: =Targets!A4 | B4: =Actuals!B4 | C4: =IF(B4>A4,"OK","MISS") | D4: =INDIRECT("Targets!C"&ROW())
A5: =Targets!A5 | B5: =Actuals!B5 | C5: =IF(B5>A5,"OK","MISS") | D5: =INDIRECT("Targets!C"&ROW())
A6: =Targets!A6 | B6: =Actuals!B6 | C6: =IF(B6>A6,"OK","MISS") | D6: =INDIRECT("Targets!C"&ROW())
A7: =Targets!A7 | B7: =Actuals!B7 | C7: =IF(B7>A7,"OK","MISS") | D7: =INDIRECT("Targets!C"&ROW())
A8: =Targets!A8 | B8: =Actuals!B8 | C8: =IF(B8>A8,"OK","MISS") | D8: =INDIRECT("Targets!C"&ROW())
A9: =Targets!A9 | B9: =Actuals!B9 | C9: =IF(B9>A9,"OK","MISS") | D9: =INDIRECT("Targets!C"&ROW())
A10: =Targets!A10 | B10: =Actuals!B10 | C10: =IF(B10>A10,"OK","MISS") | D10: =INDIRECT("Targets!C"&ROW())
A11: =Targets!A11 | B11: =Actuals!B11 | C11: =IF(B11>A11,"OK","MISS") | D11: =INDIRECT("Targets!C"&ROW())
A12: =Targets!A12 | B12: =Actuals!B12 | C12: =IF(B12>A12,"OK","MISS") | D12: =INDIRECT("Targets!C"&ROW())
... A59: =Targets!A59 | B59: =Actuals!B59 | C59: =IF(B59>A59,"OK","MISS") | D59: =INDIRECT("Targets!C"&ROW())

Sheet Targets
A1: 1000 | B1: =KPIs!B1 | C1: Zone 2
A2: 2000 | B2: =KPIs!B2 | C2: Zone 3
A3: 3000 | B3: =KPIs!B3 | C3: Zone 4
A4: 4000 | B4: =KPIs!B4 | C4: Zone 5
A5: 5000 | B5: =KPIs!B5 | C5: Zone 1
A6: 6000 | B6: =KPIs!B6 | C6: Zone 2
A7: 7000 | B7: =KPIs!B7 | C7: Zone 3
A8: 8000 | B8: =KPIs!B8 | C8: Zone 4
A9: 9000 | B9: =KPIs!B9 | C9: Zone 5
A10: 10000 | B10: =KPIs!B10 | C10: Zone 1
A11: 11000 | B11: =KPIs!B11 | C11: Zone 2
A12: 12000 | B12: =KPIs!B12 | C12: Zone 3
... A59: 59000 | B59: =KPIs!B59 | C59: Zone 5

Sheet Actuals
A1: =OFFSET(Targets!A1,0,1) | B1: 980
A2: =OFFSET(Targets!A2,0,1) | B2: 1960
A3: =OFFSET(Targets!A3,0,1) | B3: 2940
A4: =OFFSET(Targets!A4,0,1) | B4: 3920
A5: =OFFSET(Targets!A5,0,1) | B5: 4900
A6: =OFFSET(Targets!A6,0,1) | B6: 5880
A7: =OFFSET(Targets!A7,0,1) | B7: 6860
A8: =OFFSET(Targets!A8,0,1) | B8: 7840
A9: =OFFSET(Targets!A9,0,1) | B9: 8820
A10: =OFFSET(Targets!A10,0,1) | B10: 9800
A11: =OFFSET(Targets!A11,0,1) | B11: 10780
A12: =OFFSET(Targets!A12,0,1) | B12: 11760
... A59: =OFFSET(Targets!A59,0,1) | B59: 57820

Sheet Trends
A1: =KPIs!B1-KPIs!A1 | B1: =[Market_Data.xlsx]Prices!D1 | C1: =NOW()
A2: =KPIs!B2-KPIs!A2 | B2: =[Market_Data.xlsx]Prices!D2 | C2: =NOW()
A3: =KPIs!B3-KPIs!A3 | B3: =[Market_Data.xlsx]Prices!D3 | C3: =NOW()
A4: =KPIs!B4-KPIs!A4 | B4: =[Market_Data.xlsx]Prices!D4 | C4: =NOW()
A5: =KPIs!B5-KPIs!A5 | B5: =[Market_Data.xlsx]Prices!D5 | C5: =NOW()
A6: =KPIs!B6-KPIs!A6 | B6: =[Market_Data.xlsx]Prices!D6 | C6: =NOW()
A7: =KPIs!B7-KPIs!A7 | B7: =[Market_Data.xlsx]Prices!D7 | C7: =NOW()
A8: =KPIs!B8-KPIs!A8 | B8: =[Market_Data.xlsx]Prices!D8 | C8: =NOW()
A9: =KPIs!B9-KPIs!A9 | B9: =[Market_Data.xlsx]Prices!D9 | C9: =NOW()
A10: =KPIs!B10-KPIs!A10 | B10: =[Market_Data.xlsx]Prices!D10 | C10: =NOW()
A11: =KPIs!B11-KPIs!A11 | B11: =[Market_Data.xlsx]Prices!D11 | C11: =NOW()
A12: =KPIs!B12-KPIs!A12 | B12: =[Market_Data.xlsx]Prices!D12 | C12: =NOW()
... A29: =KPIs!B29-KPIs!A29 | B29: =[Market_Data.xlsx]Prices!D29 | C29: =NOW()
